--
-- PostgreSQL database dump
--

-- Dumped from database version 14.4
-- Dumped by pg_dump version 14.4

-- Started on 2022-12-12 13:54:52 MSK

SET statement_timeout = 0;
SET lock_timeout = 0;
SET idle_in_transaction_session_timeout = 0;
SET client_encoding = 'UTF8';
SET standard_conforming_strings = on;
SELECT pg_catalog.set_config('search_path', '', false);
SET check_function_bodies = false;
SET xmloption = content;
SET client_min_messages = warning;
SET row_security = off;

SET default_tablespace = '';

SET default_table_access_method = heap;

--
-- TOC entry 214 (class 1259 OID 16737)
-- Name: category; Type: TABLE; Schema: public; Owner: postgres
--

CREATE TABLE public.category (
    id integer NOT NULL,
    name character varying(255)
);


ALTER TABLE public.category OWNER TO postgres;

--
-- TOC entry 213 (class 1259 OID 16736)
-- Name: category_id_seq; Type: SEQUENCE; Schema: public; Owner: postgres
--

ALTER TABLE public.category ALTER COLUMN id ADD GENERATED BY DEFAULT AS IDENTITY (
    SEQUENCE NAME public.category_id_seq
    START WITH 1
    INCREMENT BY 1
    NO MINVALUE
    NO MAXVALUE
    CACHE 1
);


--
-- TOC entry 212 (class 1259 OID 16726)
-- Name: image; Type: TABLE; Schema: public; Owner: postgres
--

CREATE TABLE public.image (
    id integer NOT NULL,
    file_name character varying(255),
    product_id integer NOT NULL
);


ALTER TABLE public.image OWNER TO postgres;

--
-- TOC entry 211 (class 1259 OID 16725)
-- Name: image_id_seq; Type: SEQUENCE; Schema: public; Owner: postgres
--

ALTER TABLE public.image ALTER COLUMN id ADD GENERATED BY DEFAULT AS IDENTITY (
    SEQUENCE NAME public.image_id_seq
    START WITH 1
    INCREMENT BY 1
    NO MINVALUE
    NO MAXVALUE
    CACHE 1
);


--
-- TOC entry 220 (class 1259 OID 16970)
-- Name: orders; Type: TABLE; Schema: public; Owner: postgres
--

CREATE TABLE public.orders (
    id integer NOT NULL,
    count integer NOT NULL,
    date_time timestamp without time zone,
    number character varying(255),
    price real NOT NULL,
    status character varying(255),
    person_id integer NOT NULL,
    product_id integer NOT NULL
);


ALTER TABLE public.orders OWNER TO postgres;

--
-- TOC entry 219 (class 1259 OID 16969)
-- Name: orders_id_seq; Type: SEQUENCE; Schema: public; Owner: postgres
--

ALTER TABLE public.orders ALTER COLUMN id ADD GENERATED BY DEFAULT AS IDENTITY (
    SEQUENCE NAME public.orders_id_seq
    START WITH 1
    INCREMENT BY 1
    NO MINVALUE
    NO MAXVALUE
    CACHE 1
);


--
-- TOC entry 210 (class 1259 OID 16712)
-- Name: person; Type: TABLE; Schema: public; Owner: postgres
--

CREATE TABLE public.person (
    id integer NOT NULL,
    login character varying(100),
    password character varying(100),
    role character varying(255)
);


ALTER TABLE public.person OWNER TO postgres;

--
-- TOC entry 209 (class 1259 OID 16711)
-- Name: person_id_seq; Type: SEQUENCE; Schema: public; Owner: postgres
--

ALTER TABLE public.person ALTER COLUMN id ADD GENERATED BY DEFAULT AS IDENTITY (
    SEQUENCE NAME public.person_id_seq
    START WITH 1
    INCREMENT BY 1
    NO MINVALUE
    NO MAXVALUE
    CACHE 1
);


--
-- TOC entry 216 (class 1259 OID 16785)
-- Name: product; Type: TABLE; Schema: public; Owner: postgres
--

CREATE TABLE public.product (
    id integer NOT NULL,
    date_time timestamp without time zone,
    description text NOT NULL,
    price real NOT NULL,
    seller text NOT NULL,
    title text NOT NULL,
    warehouse character varying(255) NOT NULL,
    category_id integer NOT NULL,
    CONSTRAINT product_price_check CHECK ((price >= (1)::double precision))
);


ALTER TABLE public.product OWNER TO postgres;

--
-- TOC entry 218 (class 1259 OID 16944)
-- Name: product_cart; Type: TABLE; Schema: public; Owner: postgres
--

CREATE TABLE public.product_cart (
    id integer NOT NULL,
    person_id integer,
    product_id integer
);


ALTER TABLE public.product_cart OWNER TO postgres;

--
-- TOC entry 217 (class 1259 OID 16943)
-- Name: product_cart_id_seq; Type: SEQUENCE; Schema: public; Owner: postgres
--

ALTER TABLE public.product_cart ALTER COLUMN id ADD GENERATED BY DEFAULT AS IDENTITY (
    SEQUENCE NAME public.product_cart_id_seq
    START WITH 1
    INCREMENT BY 1
    NO MINVALUE
    NO MAXVALUE
    CACHE 1
);


--
-- TOC entry 215 (class 1259 OID 16784)
-- Name: product_id_seq; Type: SEQUENCE; Schema: public; Owner: postgres
--

ALTER TABLE public.product ALTER COLUMN id ADD GENERATED BY DEFAULT AS IDENTITY (
    SEQUENCE NAME public.product_id_seq
    START WITH 1
    INCREMENT BY 1
    NO MINVALUE
    NO MAXVALUE
    CACHE 1
);


--
-- TOC entry 3622 (class 0 OID 16737)
-- Dependencies: 214
-- Data for Name: category; Type: TABLE DATA; Schema: public; Owner: postgres
--

INSERT INTO public.category (id, name) VALUES (1, 'Уход за лицом');
INSERT INTO public.category (id, name) VALUES (2, 'Уход за губами');
INSERT INTO public.category (id, name) VALUES (3, 'Уход за волосами');


--
-- TOC entry 3620 (class 0 OID 16726)
-- Dependencies: 212
-- Data for Name: image; Type: TABLE DATA; Schema: public; Owner: postgres
--

INSERT INTO public.image (id, file_name, product_id) VALUES (231, 'eadfb312-92af-446a-a635-e445ec9d4bb6.Cleaner1.jpg', 35);
INSERT INTO public.image (id, file_name, product_id) VALUES (232, 'a3023ead-4432-43c5-aef6-b53119e574df.Cleaner2.jpg', 35);
INSERT INTO public.image (id, file_name, product_id) VALUES (233, 'ab0a2d07-d950-45ee-9cba-84cf5a8fb9fb.Cleaner3.jpg', 35);
INSERT INTO public.image (id, file_name, product_id) VALUES (234, '1567e368-bb8d-4fa5-b2d9-386799624447.Cleaner4.jpg', 35);
INSERT INTO public.image (id, file_name, product_id) VALUES (235, 'd9c4f05f-d8f6-4e73-9b65-61a18858b46f.Cleaner5.jpg', 35);
INSERT INTO public.image (id, file_name, product_id) VALUES (236, 'fb4cd97b-37a9-46ea-bbac-feb2db4ea3db.Cleaner2.jpg', 36);
INSERT INTO public.image (id, file_name, product_id) VALUES (237, '47be0c75-9225-46d2-86bd-1fddd33239cf.Cleaner1.jpg', 36);
INSERT INTO public.image (id, file_name, product_id) VALUES (238, 'd2e04cd3-cec5-480d-a360-91eff7d8561c.Cleaner3.jpg', 36);
INSERT INTO public.image (id, file_name, product_id) VALUES (239, 'f0d00293-2a04-4830-91a0-3aa0e4d19901.Cleaner4.jpg', 36);
INSERT INTO public.image (id, file_name, product_id) VALUES (240, '73be1845-8125-497d-b81a-dc590c466595.Cleaner5.jpg', 36);
INSERT INTO public.image (id, file_name, product_id) VALUES (241, '827ebafc-dfca-4816-ba22-fd6bffaa9050.Cleaner3.jpg', 37);
INSERT INTO public.image (id, file_name, product_id) VALUES (242, '9f7618ab-fa16-456b-b841-ef7af9cbc4fb.Cleaner1.jpg', 37);
INSERT INTO public.image (id, file_name, product_id) VALUES (243, '5a7fa6c3-7b06-4add-a128-7a6faab6932f.Cleaner2.jpg', 37);
INSERT INTO public.image (id, file_name, product_id) VALUES (244, '5929f48d-3ef5-4003-9b3c-0dff63b24d9c.Cleaner4.jpg', 37);
INSERT INTO public.image (id, file_name, product_id) VALUES (245, 'c63cd987-7cb9-475c-9e70-e3db395e855c.Cleaner5.jpg', 37);
INSERT INTO public.image (id, file_name, product_id) VALUES (246, '6297ab91-4789-46e6-aca0-ea1c000559b3.Cleaner5.jpg', 38);
INSERT INTO public.image (id, file_name, product_id) VALUES (247, 'ee954860-223f-4522-95f9-4337d357da9f.Cleaner4.jpg', 38);
INSERT INTO public.image (id, file_name, product_id) VALUES (248, 'fc944a47-1e14-4395-8f48-419b2a7b5274.Cleaner3.jpg', 38);
INSERT INTO public.image (id, file_name, product_id) VALUES (249, 'b259af07-ba04-4eb1-a28e-0e1e2c1e2239.Cleaner2.jpg', 38);
INSERT INTO public.image (id, file_name, product_id) VALUES (250, '7bf2177c-9006-4746-89e3-39405158f8f8.Cleaner1.jpg', 38);
INSERT INTO public.image (id, file_name, product_id) VALUES (251, 'e56f65af-9adb-4256-8308-afc2a62ce90d.Cleaner4.jpg', 39);
INSERT INTO public.image (id, file_name, product_id) VALUES (252, '814f42a3-6be0-42e2-b73c-e5fe6646b70b.Cleaner5.jpg', 39);
INSERT INTO public.image (id, file_name, product_id) VALUES (253, 'd1331783-cde9-4b01-a8aa-6b31900c5baa.Cleaner1.jpg', 39);
INSERT INTO public.image (id, file_name, product_id) VALUES (254, 'd93daf7e-0b7c-44c8-9f5e-25cc5cf598c4.Cleaner2.jpg', 39);
INSERT INTO public.image (id, file_name, product_id) VALUES (255, '3b2f4064-0976-4bad-8436-8558413defd3.Cleaner3.jpg', 39);
INSERT INTO public.image (id, file_name, product_id) VALUES (256, '06f584e7-1e7e-40b1-97e7-7272bdd0ff4f.Lips1.jpg', 40);
INSERT INTO public.image (id, file_name, product_id) VALUES (257, '0706e38b-2047-4e0e-9ba5-e4623e79d56e.Lips2.jpg', 40);
INSERT INTO public.image (id, file_name, product_id) VALUES (258, '4f367b69-178f-4cf9-8bf6-394557f6cf8d.Lips3.jpg', 40);
INSERT INTO public.image (id, file_name, product_id) VALUES (259, '4850625e-5888-46a2-ae00-ddd109234c5b.Lips4.jpg', 40);
INSERT INTO public.image (id, file_name, product_id) VALUES (260, 'a77fc1e1-484a-4847-82ab-ae6fe8611b4b.Lips5.jpg', 40);
INSERT INTO public.image (id, file_name, product_id) VALUES (261, 'd82056e3-d68e-4b78-b490-f456468e31bb.Lips2.jpg', 41);
INSERT INTO public.image (id, file_name, product_id) VALUES (262, '4f5cbc5c-379f-4b77-a01b-56ab904b7e1e.Lips3.jpg', 41);
INSERT INTO public.image (id, file_name, product_id) VALUES (263, 'd09d7020-0db4-423c-8cb4-3514713d8b90.Lips4.jpg', 41);
INSERT INTO public.image (id, file_name, product_id) VALUES (264, '81446691-fc75-4f87-b362-c5f679d79e6a.Lips5.jpg', 41);
INSERT INTO public.image (id, file_name, product_id) VALUES (265, 'c90a727b-5038-4d98-8145-87d686ecee69.Lips1.jpg', 41);
INSERT INTO public.image (id, file_name, product_id) VALUES (266, '9544b0f5-fdd2-4890-a73c-9d78d27e2010.Lips3.jpg', 42);
INSERT INTO public.image (id, file_name, product_id) VALUES (267, '573e492a-d3ae-416e-810e-976eb77efd3c.Lips4.jpg', 42);
INSERT INTO public.image (id, file_name, product_id) VALUES (268, '3e0001b2-5928-4ee6-ae9b-65c55bc96ee3.Lips5.jpg', 42);
INSERT INTO public.image (id, file_name, product_id) VALUES (269, '4430bfd1-4eb0-4af3-8020-e29cedc9c302.Lips1.jpg', 42);
INSERT INTO public.image (id, file_name, product_id) VALUES (270, '8197b3e0-8b22-4d88-bc7e-be15aa3edc39.Lips2.jpg', 42);
INSERT INTO public.image (id, file_name, product_id) VALUES (276, 'fbd1095a-834e-410b-a9ab-799ee637b20c.Lips5.jpg', 44);
INSERT INTO public.image (id, file_name, product_id) VALUES (277, '3aabe7ef-a5df-4c7c-a1cb-88c09bb5f193.Lips4.jpg', 44);
INSERT INTO public.image (id, file_name, product_id) VALUES (278, 'dc27b622-5a9e-4fa0-b3dd-cc4d46f2b928.Lips3.jpg', 44);
INSERT INTO public.image (id, file_name, product_id) VALUES (279, '1b2b5360-fd3a-49d5-837e-634513912212.Lips2.jpg', 44);
INSERT INTO public.image (id, file_name, product_id) VALUES (280, '2a98977b-2f2c-4c42-ac97-9f9cb51e5cd2.Lips1.jpg', 44);
INSERT INTO public.image (id, file_name, product_id) VALUES (281, 'df1a9400-9db2-4aad-8b7d-c1f7dfcac20a.Shampoo1.jpg', 45);
INSERT INTO public.image (id, file_name, product_id) VALUES (282, '157e7285-89ae-458e-825f-ab0b804ae7ac.Shampoo2.jpg', 45);
INSERT INTO public.image (id, file_name, product_id) VALUES (283, 'a22f1efc-47d7-46db-955e-74eaabc6b6be.Shampoo3.jpg', 45);
INSERT INTO public.image (id, file_name, product_id) VALUES (284, '091a3f46-6004-4838-b692-432e6083eb73.Shampoo4.jpg', 45);
INSERT INTO public.image (id, file_name, product_id) VALUES (285, '7f3631f6-35c5-47ad-88e1-8d1ffac78580.Shampoo5.jpg', 45);
INSERT INTO public.image (id, file_name, product_id) VALUES (296, '01fa29ca-e421-464b-b8c4-6527bf6763e7.Shampoo4.jpg', 49);
INSERT INTO public.image (id, file_name, product_id) VALUES (297, 'a38ccc19-b5ad-4938-8d52-da01c9b36d88.Shampoo5.jpg', 49);
INSERT INTO public.image (id, file_name, product_id) VALUES (298, 'ebd480fa-cd6a-4e5d-8c21-db0c2d4f261e.Shampoo1.jpg', 49);
INSERT INTO public.image (id, file_name, product_id) VALUES (299, '45fccb33-9e2a-4cbe-8815-5d0445efad29.Shampoo2.jpg', 49);
INSERT INTO public.image (id, file_name, product_id) VALUES (300, '2a774143-00d9-449c-901a-66a90e7a878e.Shampoo3.jpg', 49);
INSERT INTO public.image (id, file_name, product_id) VALUES (301, '082bb486-3424-4250-8bff-455bc0a79a85.Shampoo5.jpg', 50);
INSERT INTO public.image (id, file_name, product_id) VALUES (302, '869988c9-5ad1-460c-9f95-d9dc086cdfda.Shampoo4.jpg', 50);
INSERT INTO public.image (id, file_name, product_id) VALUES (303, 'cdbf4d6b-3aab-435b-a351-65e00b39b16e.Shampoo3.jpg', 50);
INSERT INTO public.image (id, file_name, product_id) VALUES (304, 'd99b92a4-3c50-4e52-8a56-6cdfc04c2989.Shampoo2.jpg', 50);
INSERT INTO public.image (id, file_name, product_id) VALUES (305, '41d4ee1d-893f-4c6e-ba68-710308425844.Shampoo1.jpg', 50);
INSERT INTO public.image (id, file_name, product_id) VALUES (311, 'eea4e690-fcdd-492d-b656-6871c93ef2cd.Lips1.jpg', 52);
INSERT INTO public.image (id, file_name, product_id) VALUES (312, '470f1f0d-04e1-4a1f-8287-51629fa08ea0.Lips2.jpg', 52);
INSERT INTO public.image (id, file_name, product_id) VALUES (313, '0a253337-7fc1-4a4c-9f72-37933e88cfe6.Lips3.jpg', 52);
INSERT INTO public.image (id, file_name, product_id) VALUES (314, 'd9c6a34c-fdeb-4203-b9b9-51a853d4a827.Lips4.jpg', 52);
INSERT INTO public.image (id, file_name, product_id) VALUES (315, 'a8acd39e-4ee1-4e0d-ad0b-ac4455ffa5c3.Lips5.jpg', 52);
INSERT INTO public.image (id, file_name, product_id) VALUES (316, '9342b7fb-e1a4-4b13-83e1-e5d039553477.Shampoo1.jpg', 53);
INSERT INTO public.image (id, file_name, product_id) VALUES (317, '9f8495f2-ec57-4ee1-8a22-0cd6c78218bc.Shampoo2.jpg', 53);
INSERT INTO public.image (id, file_name, product_id) VALUES (318, '36018188-1798-40bb-8357-267fe654e67a.Shampoo3.jpg', 53);
INSERT INTO public.image (id, file_name, product_id) VALUES (319, 'af9eaefe-e19f-4368-ae8c-be1b8c129a3d.Shampoo4.jpg', 53);
INSERT INTO public.image (id, file_name, product_id) VALUES (320, '18ab118b-c4ab-4a7c-82a8-1cfde5e250e1.Shampoo5.jpg', 53);


--
-- TOC entry 3628 (class 0 OID 16970)
-- Dependencies: 220
-- Data for Name: orders; Type: TABLE DATA; Schema: public; Owner: postgres
--

INSERT INTO public.orders (id, count, date_time, number, price, status, person_id, product_id) VALUES (17, 1, '2022-12-12 13:25:00.101492', '4501ca1b-760d-4bc0-ba60-cd221f16bab7', 7800, 'O', 2, 50);


--
-- TOC entry 3618 (class 0 OID 16712)
-- Dependencies: 210
-- Data for Name: person; Type: TABLE DATA; Schema: public; Owner: postgres
--

INSERT INTO public.person (id, login, password, role) VALUES (1, 'admin', '$2a$10$MbtD6KkHqmTsTbC9MlBuhOnEdNEQOwQezlDN/AveefZKRMJzBXdmS', 'ROLE_ADMIN');
INSERT INTO public.person (id, login, password, role) VALUES (2, 'user_test', '$2a$10$m8VxMiz7IMp4NDNHp6agwuubLp5/s6K1SW0p01476SB.2HhohdS4S', 'ROLE_USER');
INSERT INTO public.person (id, login, password, role) VALUES (3, 'User2_test', '$2a$10$kO9BHLo/FO0x3lgpPWAi6OA1jZXumA3rLL7BIan/vHA1c.Z79A6Qa', 'ROLE_USER');
INSERT INTO public.person (id, login, password, role) VALUES (4, 'User3_test', '$2a$10$Buzdxs8NaEs9TtUASgf8lenqV8gdxieMyhjfeiUU9Uik1rZsYsDDu', 'ROLE_USER');
INSERT INTO public.person (id, login, password, role) VALUES (5, 'User4_test', '$2a$10$uRZaMlzx64UvPaCJiW4xt.hNmnzLgBse/M1IZpsQROAeZxz0b0fwO', 'ROLE_ADMIN');


--
-- TOC entry 3624 (class 0 OID 16785)
-- Dependencies: 216
-- Data for Name: product; Type: TABLE DATA; Schema: public; Owner: postgres
--

INSERT INTO public.product (id, date_time, description, price, seller, title, warehouse, category_id) VALUES (53, '2022-12-12 13:26:54.270298', 'Decsription test', 699, 'MakeUpDear', 'Shampoo456', 'Коледино', 3);
INSERT INTO public.product (id, date_time, description, price, seller, title, warehouse, category_id) VALUES (50, NULL, 'What is Lorem Ipsum?
Lorem Ipsum is simply dummy text of the printing and typesetting industry. Lorem Ipsum has been the industry''s standard dummy text ever since the 1500s, when an unknown printer took a galley of type and scrambled it to make a type specimen book. It has survived not only five centuries, but also the leap into electronic typesetting, remaining essentially unchanged. It was popularised in the 1960s with the release of Letraset sheets containing Lorem Ipsum passages, and more recently with desktop publishing software like Aldus PageMaker including versions of Lorem Ipsum.', 7800, 'MakeUpDear', 'Shampoo5', 'Коледино', 3);
INSERT INTO public.product (id, date_time, description, price, seller, title, warehouse, category_id) VALUES (49, NULL, 'What is Lorem Ipsum?
Lorem Ipsum is simply dummy text of the printing and typesetting industry. Lorem Ipsum has been the industry''s standard dummy text ever since the 1500s, when an unknown printer took a galley of type and scrambled it to make a type specimen book. It has survived not only five centuries, but also the leap into electronic typesetting, remaining essentially unchanged. It was popularised in the 1960s with the release of Letraset sheets containing Lorem Ipsum passages, and more recently with desktop publishing software like Aldus PageMaker including versions of Lorem Ipsum.', 2050, 'MakeUpDear', 'Shampoo4', 'Коледино', 3);
INSERT INTO public.product (id, date_time, description, price, seller, title, warehouse, category_id) VALUES (52, NULL, 'Test dEscription', 700, 'MakeUpDear', 'Lips10', 'Коледино', 2);
INSERT INTO public.product (id, date_time, description, price, seller, title, warehouse, category_id) VALUES (35, '2022-12-12 10:30:39.492683', 'Lorem Ipsum is simply dummy text of the printing and typesetting industry. Lorem Ipsum has been the industry''s standard dummy text ever since the 1500s, when an unknown printer took a galley of type and scrambled it to make a type specimen book. It has survived not only five centuries, but also the leap into electronic typesetting, remaining essentially unchanged. It was popularised in the 1960s with the release of Letraset sheets containing Lorem Ipsum passages, and more recently with desktop publishing software like Aldus PageMaker including versions of Lorem Ipsum.', 1000, 'MakeUpDear', 'Cleaner1', 'Коледино', 1);
INSERT INTO public.product (id, date_time, description, price, seller, title, warehouse, category_id) VALUES (36, '2022-12-12 10:31:28.406175', 'Lorem Ipsum is simply dummy text of the printing and typesetting industry. Lorem Ipsum has been the industry''s standard dummy text ever since the 1500s, when an unknown printer took a galley of type and scrambled it to make a type specimen book. It has survived not only five centuries, but also the leap into electronic typesetting, remaining essentially unchanged. It was popularised in the 1960s with the release of Letraset sheets containing Lorem Ipsum passages, and more recently with desktop publishing software like Aldus PageMaker including versions of Lorem Ipsum.', 3000, 'MakeUpDear', 'Cleaner2', 'Коледино', 1);
INSERT INTO public.product (id, date_time, description, price, seller, title, warehouse, category_id) VALUES (37, '2022-12-12 10:32:09.580464', 'What is Lorem Ipsum?
Lorem Ipsum is simply dummy text of the printing and typesetting industry. Lorem Ipsum has been the industry''s standard dummy text ever since the 1500s, when an unknown printer took a galley of type and scrambled it to make a type specimen book. It has survived not only five centuries, but also the leap into electronic typesetting, remaining essentially unchanged. It was popularised in the 1960s with the release of Letraset sheets containing Lorem Ipsum passages, and more recently with desktop publishing software like Aldus PageMaker including versions of Lorem Ipsum.', 456, 'MakeUpDear', 'Cleaner3', 'Коледино', 1);
INSERT INTO public.product (id, date_time, description, price, seller, title, warehouse, category_id) VALUES (38, '2022-12-12 10:32:49.867977', 'What is Lorem Ipsum?
Lorem Ipsum is simply dummy text of the printing and typesetting industry. Lorem Ipsum has been the industry''s standard dummy text ever since the 1500s, when an unknown printer took a galley of type and scrambled it to make a type specimen book. It has survived not only five centuries, but also the leap into electronic typesetting, remaining essentially unchanged. It was popularised in the 1960s with the release of Letraset sheets containing Lorem Ipsum passages, and more recently with desktop publishing software like Aldus PageMaker including versions of Lorem Ipsum.', 678, 'MakeUpDear', 'Cleaner5', 'Коледино', 1);
INSERT INTO public.product (id, date_time, description, price, seller, title, warehouse, category_id) VALUES (39, '2022-12-12 10:33:30.293657', 'What is Lorem Ipsum?
Lorem Ipsum is simply dummy text of the printing and typesetting industry. Lorem Ipsum has been the industry''s standard dummy text ever since the 1500s, when an unknown printer took a galley of type and scrambled it to make a type specimen book. It has survived not only five centuries, but also the leap into electronic typesetting, remaining essentially unchanged. It was popularised in the 1960s with the release of Letraset sheets containing Lorem Ipsum passages, and more recently with desktop publishing software like Aldus PageMaker including versions of Lorem Ipsum.', 6745, 'MakeUpDear', 'Cleaner4', 'Коледино', 1);
INSERT INTO public.product (id, date_time, description, price, seller, title, warehouse, category_id) VALUES (41, '2022-12-12 10:34:48.808601', 'What is Lorem Ipsum?
Lorem Ipsum is simply dummy text of the printing and typesetting industry. Lorem Ipsum has been the industry''s standard dummy text ever since the 1500s, when an unknown printer took a galley of type and scrambled it to make a type specimen book. It has survived not only five centuries, but also the leap into electronic typesetting, remaining essentially unchanged. It was popularised in the 1960s with the release of Letraset sheets containing Lorem Ipsum passages, and more recently with desktop publishing software like Aldus PageMaker including versions of Lorem Ipsum.', 399, 'MakeUpDear', 'Lips2', 'Коледино', 2);
INSERT INTO public.product (id, date_time, description, price, seller, title, warehouse, category_id) VALUES (42, '2022-12-12 10:35:25.822202', 'What is Lorem Ipsum?
Lorem Ipsum is simply dummy text of the printing and typesetting industry. Lorem Ipsum has been the industry''s standard dummy text ever since the 1500s, when an unknown printer took a galley of type and scrambled it to make a type specimen book. It has survived not only five centuries, but also the leap into electronic typesetting, remaining essentially unchanged. It was popularised in the 1960s with the release of Letraset sheets containing Lorem Ipsum passages, and more recently with desktop publishing software like Aldus PageMaker including versions of Lorem Ipsum.', 299, 'MakeUpDear', 'Lips3', 'Коледино', 2);
INSERT INTO public.product (id, date_time, description, price, seller, title, warehouse, category_id) VALUES (44, '2022-12-12 10:36:48.642324', 'What is Lorem Ipsum?
Lorem Ipsum is simply dummy text of the printing and typesetting industry. Lorem Ipsum has been the industry''s standard dummy text ever since the 1500s, when an unknown printer took a galley of type and scrambled it to make a type specimen book. It has survived not only five centuries, but also the leap into electronic typesetting, remaining essentially unchanged. It was popularised in the 1960s with the release of Letraset sheets containing Lorem Ipsum passages, and more recently with desktop publishing software like Aldus PageMaker including versions of Lorem Ipsum.', 677, 'MakeUpDear', 'Lips5', 'Коледино', 2);
INSERT INTO public.product (id, date_time, description, price, seller, title, warehouse, category_id) VALUES (45, '2022-12-12 10:37:25.18488', 'What is Lorem Ipsum?
Lorem Ipsum is simply dummy text of the printing and typesetting industry. Lorem Ipsum has been the industry''s standard dummy text ever since the 1500s, when an unknown printer took a galley of type and scrambled it to make a type specimen book. It has survived not only five centuries, but also the leap into electronic typesetting, remaining essentially unchanged. It was popularised in the 1960s with the release of Letraset sheets containing Lorem Ipsum passages, and more recently with desktop publishing software like Aldus PageMaker including versions of Lorem Ipsum.', 789, 'MakeUpDear', 'Shampoo1', 'Коледино', 3);
INSERT INTO public.product (id, date_time, description, price, seller, title, warehouse, category_id) VALUES (40, NULL, 'What is Lorem Ipsum?
Lorem Ipsum is simply dummy text of the printing and typesetting industry. Lorem Ipsum has been the industry''s standard dummy text ever since the 1500s, when an unknown printer took a galley of type and scrambled it to make a type specimen book. It has survived not only five centuries, but also the leap into electronic typesetting, remaining essentially unchanged. It was popularised in the 1960s with the release of Letraset sheets containing Lorem Ipsum passages, and more recently with desktop publishing software like Aldus PageMaker including versions of Lorem Ipsum.', 500, 'MakeUpDear', 'Lips1', 'Коледино', 2);


--
-- TOC entry 3626 (class 0 OID 16944)
-- Dependencies: 218
-- Data for Name: product_cart; Type: TABLE DATA; Schema: public; Owner: postgres
--



--
-- TOC entry 3634 (class 0 OID 0)
-- Dependencies: 213
-- Name: category_id_seq; Type: SEQUENCE SET; Schema: public; Owner: postgres
--

SELECT pg_catalog.setval('public.category_id_seq', 3, true);


--
-- TOC entry 3635 (class 0 OID 0)
-- Dependencies: 211
-- Name: image_id_seq; Type: SEQUENCE SET; Schema: public; Owner: postgres
--

SELECT pg_catalog.setval('public.image_id_seq', 320, true);


--
-- TOC entry 3636 (class 0 OID 0)
-- Dependencies: 219
-- Name: orders_id_seq; Type: SEQUENCE SET; Schema: public; Owner: postgres
--

SELECT pg_catalog.setval('public.orders_id_seq', 17, true);


--
-- TOC entry 3637 (class 0 OID 0)
-- Dependencies: 209
-- Name: person_id_seq; Type: SEQUENCE SET; Schema: public; Owner: postgres
--

SELECT pg_catalog.setval('public.person_id_seq', 5, true);


--
-- TOC entry 3638 (class 0 OID 0)
-- Dependencies: 217
-- Name: product_cart_id_seq; Type: SEQUENCE SET; Schema: public; Owner: postgres
--

SELECT pg_catalog.setval('public.product_cart_id_seq', 30, true);


--
-- TOC entry 3639 (class 0 OID 0)
-- Dependencies: 215
-- Name: product_id_seq; Type: SEQUENCE SET; Schema: public; Owner: postgres
--

SELECT pg_catalog.setval('public.product_id_seq', 53, true);


--
-- TOC entry 3463 (class 2606 OID 16741)
-- Name: category category_pkey; Type: CONSTRAINT; Schema: public; Owner: postgres
--

ALTER TABLE ONLY public.category
    ADD CONSTRAINT category_pkey PRIMARY KEY (id);


--
-- TOC entry 3461 (class 2606 OID 16730)
-- Name: image image_pkey; Type: CONSTRAINT; Schema: public; Owner: postgres
--

ALTER TABLE ONLY public.image
    ADD CONSTRAINT image_pkey PRIMARY KEY (id);


--
-- TOC entry 3471 (class 2606 OID 16974)
-- Name: orders orders_pkey; Type: CONSTRAINT; Schema: public; Owner: postgres
--

ALTER TABLE ONLY public.orders
    ADD CONSTRAINT orders_pkey PRIMARY KEY (id);


--
-- TOC entry 3459 (class 2606 OID 16716)
-- Name: person person_pkey; Type: CONSTRAINT; Schema: public; Owner: postgres
--

ALTER TABLE ONLY public.person
    ADD CONSTRAINT person_pkey PRIMARY KEY (id);


--
-- TOC entry 3469 (class 2606 OID 16948)
-- Name: product_cart product_cart_pkey; Type: CONSTRAINT; Schema: public; Owner: postgres
--

ALTER TABLE ONLY public.product_cart
    ADD CONSTRAINT product_cart_pkey PRIMARY KEY (id);


--
-- TOC entry 3465 (class 2606 OID 16792)
-- Name: product product_pkey; Type: CONSTRAINT; Schema: public; Owner: postgres
--

ALTER TABLE ONLY public.product
    ADD CONSTRAINT product_pkey PRIMARY KEY (id);


--
-- TOC entry 3467 (class 2606 OID 16794)
-- Name: product uk_qka6vxqdy1dprtqnx9trdd47c; Type: CONSTRAINT; Schema: public; Owner: postgres
--

ALTER TABLE ONLY public.product
    ADD CONSTRAINT uk_qka6vxqdy1dprtqnx9trdd47c UNIQUE (title);


--
-- TOC entry 3476 (class 2606 OID 16980)
-- Name: orders fk1b0m4muwx1t377w9if3w6wwqn; Type: FK CONSTRAINT; Schema: public; Owner: postgres
--

ALTER TABLE ONLY public.orders
    ADD CONSTRAINT fk1b0m4muwx1t377w9if3w6wwqn FOREIGN KEY (person_id) REFERENCES public.person(id);


--
-- TOC entry 3473 (class 2606 OID 16800)
-- Name: product fk1mtsbur82frn64de7balymq9s; Type: FK CONSTRAINT; Schema: public; Owner: postgres
--

ALTER TABLE ONLY public.product
    ADD CONSTRAINT fk1mtsbur82frn64de7balymq9s FOREIGN KEY (category_id) REFERENCES public.category(id);


--
-- TOC entry 3477 (class 2606 OID 16985)
-- Name: orders fk787ibr3guwp6xobrpbofnv7le; Type: FK CONSTRAINT; Schema: public; Owner: postgres
--

ALTER TABLE ONLY public.orders
    ADD CONSTRAINT fk787ibr3guwp6xobrpbofnv7le FOREIGN KEY (product_id) REFERENCES public.product(id);


--
-- TOC entry 3472 (class 2606 OID 18503)
-- Name: image fkgpextbyee3uk9u6o2381m7ft1; Type: FK CONSTRAINT; Schema: public; Owner: postgres
--

ALTER TABLE ONLY public.image
    ADD CONSTRAINT fkgpextbyee3uk9u6o2381m7ft1 FOREIGN KEY (product_id) REFERENCES public.product(id);


--
-- TOC entry 3475 (class 2606 OID 16959)
-- Name: product_cart fkhpnrxdy3jhujameyod08ilvvw; Type: FK CONSTRAINT; Schema: public; Owner: postgres
--

ALTER TABLE ONLY public.product_cart
    ADD CONSTRAINT fkhpnrxdy3jhujameyod08ilvvw FOREIGN KEY (product_id) REFERENCES public.product(id);


--
-- TOC entry 3474 (class 2606 OID 16954)
-- Name: product_cart fksgnkc1ko2i1o9yr2p63ysq3rn; Type: FK CONSTRAINT; Schema: public; Owner: postgres
--

ALTER TABLE ONLY public.product_cart
    ADD CONSTRAINT fksgnkc1ko2i1o9yr2p63ysq3rn FOREIGN KEY (person_id) REFERENCES public.person(id);


-- Completed on 2022-12-12 13:54:52 MSK

--
-- PostgreSQL database dump complete
--

